{
  "project_info": {
    "project_number": "846829322935",
    "firebase_url": "https://legalbuddy-185e5-default-rtdb.asia-southeast1.firebasedatabase.app",
    "project_id": "legalbuddy-185e5",
    "storage_bucket": "legalbuddy-185e5.appspot.com"
  },
  "client": [
    {
      "client_info": {
        "mobilesdk_app_id": "1:846829322935:android:f704281a3ebf97739f0332",
        "android_client_info": {
          "package_name": "com.example.legalbuddy"
        }
      },
      "oauth_client": [
        {
          "client_id": "846829322935-jv0mcdjenc9pgf4k2bk115k3oacs9ub7.apps.googleusercontent.com",
          "client_type": 1,
          "android_info": {
            "package_name": "com.example.legalbuddy",
            "certificate_hash": "fe5511b079a11de3dc17ef2851a1be1fae40d225"
          }
        },
        {
          "client_id": "846829322935-n9prpdb060a9tkqde652t4sqv59kkk6c.apps.googleusercontent.com",
          "client_type": 3
        }
      ],
      "api_key": [
        {
          "current_key": "AIzaSyDKlQ65p-e7NuX56b_XRjPYcPLYBoEr6e0"
        }
      ],
      "services": {
        "appinvite_service": {
          "other_platform_oauth_client": [
            {
              "client_id": "846829322935-n9prpdb060a9tkqde652t4sqv59kkk6c.apps.googleusercontent.com",
              "client_type": 3
            }
          ]
        }
      }
    }
  ],
  "configuration_version": "1"
}